Attrition,Department,Gender,Age,MonthlyIncome,JobRole,YearsAtCompany
Yes,Sales,Female,41,5993,Sales Executive,6
No,Research & Development,Male,49,5130,Research Scientist,10
Yes,Research & Development,Male,37,2090,Laboratory Technician,0
No,Research & Development,Female,33,2909,Research Scientist,8
No,Research & Development,Male,27,3468,Laboratory Technician,2
No,Research & Development,Male,32,3068,Laboratory Technician,7
No,Research & Development,Female,59,2670,Laboratory Technician,1
No,Research & Development,Male,30,2693,Laboratory Technician,1
No,Research & Development,Male,38,9526,Manufacturing Director,9
No,Research & Development,Male,36,5237,Healthcare Representative,7
No,Research & Development,Male,35,2426,Laboratory Technician,5
No,Research & Development,Female,29,4193,Laboratory Technician,9
No,Research & Development,Male,31,2911,Research Scientist,5
No,Research & Development,Male,34,2661,Laboratory Technician,2
Yes,Research & Development,Male,28,2028,Laboratory Technician,4
No,Research & Development,Female,29,9980,Manufacturing Director,10
No,Research & Development,Male,32,3298,Research Scientist,6
No,Research & Development,Male,22,2935,Laboratory Technician,1
No,Sales,Female,53,15427,Manager,25
No,Research & Development,Male,38,3944,Research Scientist,3
No,Research & Development,Female,24,4011,Manufacturing Director,4
Yes,Sales,Male,36,3407,Sales Representative,5
No,Research & Development,Female,34,11994,Research Director,12
No,Research & Development,Male,21,1232,Research Scientist,0
Yes,Research & Development,Male,34,2960,Research Scientist,4
No,Research & Development,Female,53,19094,Manager,14
Yes,Research & Development,Female,32,3919,Research Scientist,10
No,Sales,Male,42,6825,Sales Executive,9
No,Research & Development,Female,44,10248,Healthcare Representative,22
No,Sales,Female,46,18947,Manager,2
No,Research & Development,Male,33,2496,Laboratory Technician,1
No,Research & Development,Male,44,6465,Healthcare Representative,4
No,Research & Development,Male,30,2206,Laboratory Technician,10
Yes,Sales,Male,39,2086,Sales Representative,1
Yes,Research & Development,Male,24,2293,Research Scientist,2
No,Research & Development,Female,43,2645,Research Scientist,5
Yes,Sales,Male,50,2683,Sales Representative,3
No,Sales,Female,35,2014,Sales Representative,2
No,Research & Development,Female,36,3419,Research Scientist,1
No,Sales,Female,33,5376,Sales Executive,5
No,Research & Development,Male,35,1951,Laboratory Technician,1
No,Research & Development,Female,27,2341,Laboratory Technician,1
Yes,Research & Development,Male,26,2293,Laboratory Technician,1
No,Sales,Male,27,8726,Sales Executive,9
No,Research & Development,Female,30,4011,Laboratory Technician,12
Yes,Research & Development,Female,41,19545,Research Director,22
No,Sales,Male,34,4568,Sales Executive,9
No,Research & Development,Male,37,3022,Research Scientist,1
No,Sales,Male,46,5772,Sales Executive,9
No,Research & Development,Male,35,2269,Laboratory Technician,1
Yes,Research & Development,Male,48,5381,Laboratory Technician,1
Yes,Research & Development,Male,28,3441,Laboratory Technician,2
No,Sales,Female,44,5454,Sales Executive,4
No,Research & Development,Male,35,9884,Healthcare Representative,4
No,Sales,Female,26,4157,Sales Executive,2
No,Research & Development,Female,33,13458,Research Director,15
No,Sales,Male,35,9069,Sales Executive,9
No,Research & Development,Female,35,4014,Laboratory Technician,2
No,Research & Development,Male,31,5915,Laboratory Technician,7
No,Research & Development,Male,37,5993,Manufacturing Director,7
No,Research & Development,Male,32,6162,Manufacturing Director,9
No,Research & Development,Female,38,2406,Laboratory Technician,10
No,Research & Development,Female,50,18740,Research Director,27
No,Sales,Female,59,7637,Sales Executive,21
No,Research & Development,Female,36,10096,Healthcare Representative,17
No,Research & Development,Female,55,14756,Manager,5
No,Research & Development,Male,36,6499,Manufacturing Director,6
No,Research & Development,Male,45,9724,Research Scientist,1
No,Research & Development,Male,35,2194,Research Scientist,3
Yes,Research & Development,Male,36,3388,Research Scientist,1
No,Sales,Female,59,5473,Sales Executive,4
No,Research & Development,Male,29,2703,Research Scientist,5
No,Research & Development,Male,31,2501,Research Scientist,1
No,Research & Development,Male,32,6220,Research Scientist,10
No,Research & Development,Female,36,3038,Laboratory Technician,1
No,Research & Development,Female,31,4424,Manufacturing Director,11
No,Sales,Male,35,4312,Sales Executive,15
No,Research & Development,Male,45,13245,Research Director,0
No,Research & Development,Male,37,13664,Research Director,5
No,Human Resources,Male,46,5021,Human Resources,4
No,Research & Development,Male,30,5126,Laboratory Technician,10
No,Research & Development,Male,35,2859,Research Scientist,6
No,Sales,Male,55,10239,Sales Executive,1
No,Research & Development,Female,38,5329,Research Scientist,13
No,Research & Development,Male,34,4325,Manufacturing Director,5
No,Research & Development,Male,56,7260,Manufacturing Director,6
No,Sales,Male,23,2322,Sales Representative,0
No,Research & Development,Male,51,2075,Laboratory Technician,4
No,Research & Development,Male,30,4152,Healthcare Representative,11
Yes,Sales,Male,46,9619,Sales Executive,9
No,Research & Development,Male,40,13503,Healthcare Representative,22
No,Sales,Male,51,5441,Sales Executive,10
No,Sales,Female,30,5209,Sales Executive,11
No,Research & Development,Male,46,10673,Healthcare Representative,10
No,Sales,Male,32,5010,Sales Executive,11
No,Research & Development,Female,54,13549,Research Director,4
No,Sales,Female,24,4999,Sales Executive,3
No,Sales,Male,28,4221,Sales Executive,5
No,Sales,Male,58,13872,Sales Executive,37
No,Research & Development,Male,44,2042,Laboratory Technician,3
Yes,Human Resources,Male,37,2073,Human Resources,3
No,Research & Development,Male,32,2956,Research Scientist,1
Yes,Research & Development,Female,20,2926,Laboratory Technician,1
No,Research & Development,Female,34,4809,Research Scientist,16
No,Research & Development,Male,37,5163,Healthcare Representative,1
No,Human Resources,Female,59,18844,Manager,3
No,Research & Development,Female,50,18172,Research Director,8
Yes,Sales,Male,25,5744,Sales Executive,6
No,Research & Development,Male,25,2889,Research Scientist,2
No,Research & Development,Female,22,2871,Laboratory Technician,0
No,Research & Development,Female,51,7484,Healthcare Representative,13
Yes,Research & Development,Male,34,6074,Laboratory Technician,9
No,Human Resources,Female,54,17328,Manager,5
No,Research & Development,Male,24,2774,Laboratory Technician,5
No,Research & Development,Female,34,4505,Research Scientist,1
No,Sales,Male,37,7428,Sales Executive,5
No,Research & Development,Female,34,11631,Manager,11
No,Sales,Female,36,9738,Sales Executive,9
No,Research & Development,Female,36,2835,Laboratory Technician,1
No,Sales,Male,43,16959,Manager,25
No,Research & Development,Male,30,2613,Research Scientist,10
No,Sales,Male,33,6146,Sales Executive,7
Yes,Research & Development,Female,56,4963,Research Scientist,5
No,Research & Development,Male,51,19537,Research Director,20
Yes,Sales,Male,31,6172,Sales Executive,7
No,Research & Development,Female,26,2368,Research Scientist,5
Yes,Research & Development,Female,58,10312,Healthcare Representative,40
Yes,Sales,Male,19,1675,Sales Representative,0
No,Research & Development,Male,22,2523,Laboratory Technician,2
No,Research & Development,Female,49,6567,Manufacturing Director,15
No,Research & Development,Female,43,4739,Research Scientist,3
No,Sales,Female,50,9208,Sales Executive,2
Yes,Sales,Female,31,4559,Sales Executive,2
No,Sales,Male,41,8189,Sales Executive,9
No,Human Resources,Female,26,2942,Human Resources,8
No,Research & Development,Male,36,4941,Manufacturing Director,3
Yes,Research & Development,Male,51,10650,Manufacturing Director,4
No,Sales,Female,39,5902,Sales Executive,15
No,Sales,Male,25,8639,Sales Executive,2
No,Human Resources,Male,30,6347,Human Resources,11
Yes,Research & Development,Female,32,4200,Laboratory Technician,5
No,Research & Development,Male,45,3452,Research Scientist,6
No,Research & Development,Female,38,4317,Research Scientist,3
No,Research & Development,Female,30,2632,Research Scientist,5
No,Sales,Male,32,4668,Sales Executive,8
No,Research & Development,Female,30,3204,Research Scientist,3
No,Research & Development,Male,30,2720,Laboratory Technician,5
No,Research & Development,Male,41,17181,Manager,7
No,Research & Development,Male,41,2238,Laboratory Technician,5
No,Research & Development,Female,19,1483,Laboratory Technician,1
No,Research & Development,Female,40,5605,Research Scientist,20
No,Sales,Male,35,7295,Sales Executive,10
No,Sales,Male,53,2306,Sales Representative,7
No,Research & Development,Male,45,2348,Laboratory Technician,17
No,Sales,Female,32,8998,Sales Executive,9
No,Research & Development,Male,29,4319,Manufacturing Director,10
No,Research & Development,Male,51,6132,Manufacturing Director,1
No,Research & Development,Female,58,3346,Research Scientist,1
No,Sales,Male,40,10855,Sales Executive,12
No,Sales,Female,34,2231,Sales Representative,4
No,Research & Development,Male,22,2323,Research Scientist,2
No,Research & Development,Male,27,2024,Research Scientist,2
No,Research & Development,Male,28,2713,Research Scientist,5
No,Research & Development,Male,57,9439,Healthcare Representative,5
No,Research & Development,Male,27,2566,Research Scientist,1
No,Research & Development,Female,50,19926,Manager,5
No,Research & Development,Male,41,2451,Research Scientist,9
No,Sales,Female,30,9419,Sales Executive,10
No,Sales,Female,38,8686,Sales Executive,8
No,Research & Development,Male,32,3038,Research Scientist,5
No,Research & Development,Male,27,3058,Research Scientist,5
Yes,Sales,Female,19,2325,Sales Representative,0
No,Research & Development,Male,36,2088,Laboratory Technician,8
No,Research & Development,Male,30,3072,Laboratory Technician,12
No,Sales,Female,45,5006,Sales Executive,5
No,Research & Development,Female,56,4257,Research Scientist,2
No,Research & Development,Male,33,2500,Research Scientist,3
Yes,Research & Development,Male,19,1102,Laboratory Technician,1
No,Sales,Female,46,10453,Sales Executive,24
No,Research & Development,Female,38,2288,Laboratory Technician,2
No,Research & Development,Female,31,3929,Research Scientist,4
No,Research & Development,Female,34,2311,Research Scientist,3
Yes,Sales,Female,41,3140,Sales Representative,4
No,Research & Development,Male,50,3690,Laboratory Technician,3
No,Research & Development,Female,53,4450,Manufacturing Director,4
No,Research & Development,Female,33,2756,Research Scientist,8
No,Research & Development,Female,40,19033,Manager,20
No,Research & Development,Male,55,18722,Research Director,24
No,Research & Development,Male,34,9547,Manufacturing Director,10
No,Research & Development,Female,51,13734,Healthcare Representative,7
No,Research & Development,Male,52,19999,Manager,33
No,Research & Development,Female,27,2279,Research Scientist,7
Yes,Research & Development,Male,35,5916,Manufacturing Director,1
No,Research & Development,Male,43,2089,Research Scientist,5
No,Research & Development,Male,45,16792,Manager,20
No,Research & Development,Male,37,3564,Research Scientist,8
No,Research & Development,Female,35,4425,Laboratory Technician,6
No,Research & Development,Female,42,5265,Manufacturing Director,5
No,Research & Development,Male,38,6553,Manufacturing Director,1
No,Research & Development,Male,38,6261,Manufacturing Director,7
No,Research & Development,Male,27,4298,Manufacturing Director,2
No,Research & Development,Male,49,6804,Manufacturing Director,7
No,Research & Development,Male,34,3815,Research Scientist,5
No,Research & Development,Male,40,2741,Laboratory Technician,7
Yes,Research & Development,Male,38,6673,Healthcare Representative,1
Yes,Sales,Female,29,7639,Sales Executive,10
No,Research & Development,Male,22,2328,Research Scientist,4
No,Research & Development,Female,36,2153,Laboratory Technician,8
No,Research & Development,Male,40,4876,Healthcare Representative,3
No,Research & Development,Male,46,9396,Healthcare Representative,4
Yes,Sales,Male,32,10400,Sales Executive,14
No,Research & Development,Male,30,8474,Manufacturing Director,11
No,Sales,Female,27,9981,Sales Executive,7
No,Research & Development,Male,51,12490,Research Director,10
Yes,Research & Development,Female,30,2657,Research Scientist,5
No,Sales,Female,41,13591,Manager,1
Yes,Sales,Female,30,6696,Sales Executive,6
Yes,Research & Development,Male,29,2058,Research Scientist,6
No,Sales,Female,45,8865,Sales Executive,19
No,Sales,Female,54,5940,Sales Executive,6
No,Research & Development,Male,36,5914,Laboratory Technician,13
No,Research & Development,Female,33,2622,Research Scientist,3
No,Research & Development,Male,37,12185,Research Director,10
No,Sales,Male,38,10609,Sales Executive,16
No,Research & Development,Male,31,4345,Manufacturing Director,5
No,Research & Development,Male,59,2177,Research Scientist,1
No,Sales,Male,37,2793,Sales Representative,9
No,Sales,Female,29,7918,Sales Executive,11
No,Sales,Female,35,8789,Sales Executive,10
Yes,Research & Development,Male,29,2389,Research Scientist,4
No,Research & Development,Female,52,3212,Laboratory Technician,2
No,Research & Development,Male,42,19232,Manager,22
No,Human Resources,Male,59,2267,Human Resources,2
No,Sales,Female,50,19517,Manager,7
Yes,Research & Development,Male,33,2436,Laboratory Technician,5
No,Sales,Female,43,16064,Manager,17
Yes,Research & Development,Female,33,2707,Laboratory Technician,9
No,Sales,Male,52,19068,Manager,33
No,Sales,Female,32,3931,Sales Representative,4
Yes,Research & Development,Male,32,3730,Laboratory Technician,3
No,Research & Development,Female,39,2232,Laboratory Technician,3
No,Sales,Male,32,4465,Sales Executive,3
No,Research & Development,Male,41,3072,Research Scientist,1
No,Research & Development,Male,40,3319,Research Scientist,9
No,Research & Development,Male,45,19202,Manager,24
No,Research & Development,Male,31,13675,Research Director,2
No,Research & Development,Female,33,2911,Research Scientist,2
No,Research & Development,Male,34,5957,Manufacturing Director,11
No,Research & Development,Female,37,3920,Research Scientist,3
No,Research & Development,Male,45,6434,Manufacturing Director,3
Yes,Research & Development,Male,37,10048,Manufacturing Director,1
No,Research & Development,Female,39,10938,Healthcare Representative,19
No,Research & Development,Male,29,2340,Research Scientist,6
No,Research & Development,Female,42,6545,Research Scientist,3
No,Sales,Male,29,6931,Sales Executive,3
No,Research & Development,Female,25,4898,Manufacturing Director,4
No,Research & Development,Female,42,2593,Laboratory Technician,9
No,Research & Development,Male,40,19436,Research Director,21
No,Research & Development,Male,51,2723,Research Scientist,1
Yes,Research & Development,Male,31,3479,Laboratory Technician,5
No,Research & Development,Male,32,2794,Laboratory Technician,5
No,Sales,Male,38,5249,Sales Executive,8
No,Research & Development,Male,32,2176,Laboratory Technician,6
No,Sales,Female,46,16872,Manager,7
Yes,Research & Development,Male,28,3485,Laboratory Technician,0
No,Sales,Male,29,6644,Sales Executive,0
No,Research & Development,Male,31,5582,Healthcare Representative,9
No,Research & Development,Male,25,4000,Healthcare Representative,6
No,Research & Development,Male,45,13496,Healthcare Representative,20
No,Research & Development,Male,36,3210,Laboratory Technician,15
No,Research & Development,Male,55,19045,Manager,36
Yes,Research & Development,Male,47,11849,Manager,10
No,Research & Development,Male,28,2070,Research Scientist,5
No,Sales,Male,37,6502,Sales Executive,5
No,Research & Development,Male,21,3230,Research Scientist,3
No,Research & Development,Female,37,13603,Research Director,5
No,Research & Development,Female,35,11996,Manager,7
No,Sales,Female,38,5605,Sales Executive,8
No,Research & Development,Female,26,6397,Manufacturing Director,6
No,Research & Development,Male,50,19144,Research Director,10
No,Research & Development,Male,53,17584,Research Director,5
No,Sales,Male,42,4907,Sales Executive,20
No,Sales,Male,29,4554,Sales Executive,10
No,Research & Development,Male,55,5415,Laboratory Technician,10
No,Research & Development,Male,26,4741,Healthcare Representative,5
No,Research & Development,Female,37,2115,Research Scientist,17
Yes,Research & Development,Male,44,3161,Laboratory Technician,1
No,Research & Development,Male,38,5745,Healthcare Representative,2
Yes,Research & Development,Male,26,2373,Laboratory Technician,3
No,Research & Development,Female,28,3310,Research Scientist,5
No,Research & Development,Female,49,18665,Research Director,3
No,Research & Development,Male,36,4485,Research Scientist,8
No,Sales,Female,31,2789,Sales Representative,2
Yes,Sales,Male,26,5828,Sales Executive,8
No,Research & Development,Male,37,2326,Research Scientist,4
No,Sales,Female,42,13525,Sales Executive,20
Yes,Research & Development,Male,18,1420,Laboratory Technician,0
No,Sales,Male,35,8020,Sales Executive,11
No,Research & Development,Male,36,3688,Laboratory Technician,1
No,Research & Development,Male,51,5482,Manufacturing Director,4
No,Sales,Male,41,16015,Manager,22
No,Sales,Female,18,1200,Sales Representative,0
No,Research & Development,Male,28,5661,Healthcare Representative,8
No,Sales,Male,31,6929,Sales Executive,8
No,Research & Development,Male,39,9613,Healthcare Representative,18
No,Research & Development,Female,36,5674,Laboratory Technician,9
No,Sales,Male,32,5484,Sales Executive,13
No,Research & Development,Female,38,12061,Research Director,10
No,Research & Development,Male,58,5660,Healthcare Representative,5
No,Research & Development,Male,31,4821,Research Scientist,5
No,Human Resources,Male,31,6410,Human Resources,2
No,Research & Development,Male,45,5210,Laboratory Technician,24
No,Research & Development,Male,31,2695,Research Scientist,2
No,Research & Development,Female,33,11878,Manager,10
No,Research & Development,Male,39,17068,Manager,21
No,Research & Development,Female,43,2455,Laboratory Technician,8
No,Research & Development,Female,49,13964,Healthcare Representative,7
Yes,Research & Development,Male,52,4941,Research Scientist,8
No,Research & Development,Female,27,2478,Research Scientist,4
No,Sales,Female,32,5228,Sales Executive,13
No,Sales,Male,27,4478,Sales Executive,5
No,Sales,Male,31,7547,Sales Executive,7
No,Research & Development,Female,32,5055,Research Scientist,7
Yes,Research & Development,Male,28,3464,Research Scientist,3
No,Research & Development,Female,30,5775,Research Scientist,10
No,Research & Development,Female,31,8943,Manufacturing Director,10
No,Research & Development,Male,39,19272,Manager,21
Yes,Sales,Female,39,5238,Sales Executive,1
No,Sales,Male,33,4682,Sales Executive,7
No,Research & Development,Male,47,18300,Research Director,3
No,Research & Development,Female,43,5257,Laboratory Technician,9
No,Sales,Male,27,6349,Sales Executive,5
No,Research & Development,Female,54,4869,Research Scientist,4
No,Research & Development,Female,43,9985,Healthcare Representative,1
No,Research & Development,Male,45,3697,Research Scientist,10
No,Sales,Male,40,7457,Sales Executive,4
Yes,Research & Development,Male,29,2119,Laboratory Technician,7
No,Research & Development,Male,29,3983,Laboratory Technician,3
No,Sales,Female,30,6118,Sales Executive,10
No,Sales,Female,27,6214,Sales Executive,8
No,Research & Development,Male,37,6347,Manufacturing Director,6
No,Research & Development,Male,38,11510,Research Director,11
No,Research & Development,Female,31,7143,Manufacturing Director,11
No,Sales,Female,29,8268,Sales Executive,7
No,Research & Development,Male,35,8095,Manufacturing Director,16
No,Research & Development,Male,23,2904,Research Scientist,4
No,Research & Development,Male,41,6032,Manufacturing Director,5
No,Sales,Male,47,2976,Sales Representative,0
No,Research & Development,Female,42,15992,Research Director,1
No,Sales,Male,29,4649,Sales Executive,4
No,Human Resources,Male,42,2696,Human Resources,3
No,Research & Development,Female,32,2370,Laboratory Technician,8
No,Sales,Female,48,12504,Manager,0
No,Research & Development,Male,37,5974,Research Scientist,7
No,Sales,Female,30,4736,Sales Executive,2
No,Sales,Male,26,5296,Sales Executive,8
No,Research & Development,Male,42,6781,Healthcare Representative,1
Yes,Sales,Female,21,2174,Sales Representative,3
No,Sales,Female,36,6653,Sales Executive,1
No,Sales,Male,36,9699,Sales Executive,13
No,Research & Development,Male,57,6755,Healthcare Representative,3
No,Research & Development,Female,40,2213,Laboratory Technician,7
No,Sales,Male,21,2610,Sales Representative,3
Yes,Sales,Female,33,2851,Sales Representative,1
No,Research & Development,Female,37,3452,Laboratory Technician,5
No,Research & Development,Female,46,5258,Manufacturing Director,1
Yes,Sales,Male,41,9355,Sales Executive,8
No,Research & Development,Male,50,10496,Healthcare Representative,4
Yes,Sales,Male,40,6380,Sales Executive,6
No,Research & Development,Male,31,2657,Research Scientist,2
Yes,Sales,Female,21,2716,Sales Representative,1
No,Research & Development,Male,29,2201,Research Scientist,3
No,Research & Development,Male,35,6540,Healthcare Representative,1
No,Research & Development,Male,27,3816,Laboratory Technician,5
No,Sales,Male,28,5253,Sales Executive,7
No,Research & Development,Male,49,10965,Healthcare Representative,5
No,Sales,Female,51,4936,Sales Executive,7
No,Research & Development,Female,36,2543,Research Scientist,2
Yes,Sales,Male,34,5304,Sales Executive,5
No,Research & Development,Female,55,16659,Manager,5
No,Sales,Female,24,4260,Sales Executive,5
No,Sales,Male,30,2476,Sales Representative,1
Yes,Research & Development,Male,26,3102,Research Scientist,6
No,Research & Development,Female,22,2244,Research Scientist,2
No,Sales,Male,36,7596,Sales Executive,10
Yes,Research & Development,Male,30,2285,Research Scientist,1
No,Research & Development,Female,37,3034,Laboratory Technician,18
No,Sales,Female,40,5715,Sales Executive,5
No,Research & Development,Female,42,2576,Laboratory Technician,5
No,Research & Development,Male,37,4197,Manufacturing Director,1
No,Research & Development,Male,43,14336,Research Director,25
No,Research & Development,Female,40,3448,Laboratory Technician,1
No,Research & Development,Male,54,19406,Research Director,4
No,Sales,Female,34,6538,Sales Executive,3
No,Research & Development,Female,31,4306,Manufacturing Director,13
No,Research & Development,Male,43,2258,Laboratory Technician,3
No,Research & Development,Female,43,4522,Healthcare Representative,5
No,Sales,Female,25,4487,Sales Executive,5
No,Research & Development,Female,37,4449,Research Scientist,13
No,Research & Development,Male,31,2218,Laboratory Technician,4
No,Research & Development,Male,39,19197,Manager,21
No,Sales,Female,56,13212,Sales Executive,7
No,Sales,Female,30,6577,Sales Executive,5
No,Sales,Male,41,8392,Sales Executive,10
No,Research & Development,Male,28,4558,Laboratory Technician,10
Yes,Research & Development,Male,25,4031,Laboratory Technician,2
No,Research & Development,Male,52,7969,Manufacturing Director,5
No,Research & Development,Male,45,2654,Research Scientist,2
No,Research & Development,Female,52,16555,Manager,5
No,Research & Development,Female,42,4556,Research Scientist,5
No,Research & Development,Female,30,6091,Manufacturing Director,5
No,Research & Development,Female,60,19566,Manager,29
No,Research & Development,Female,46,4810,Manufacturing Director,10
No,Research & Development,Female,42,4523,Healthcare Representative,6
Yes,Sales,Female,24,3202,Sales Representative,5
Yes,Sales,Female,34,2351,Sales Representative,2
No,Research & Development,Male,38,1702,Laboratory Technician,1
No,Sales,Female,40,18041,Manager,20
No,Research & Development,Female,26,2886,Research Scientist,3
No,Research & Development,Male,30,2097,Laboratory Technician,5
No,Research & Development,Male,29,11935,Research Director,10
Yes,Research & Development,Female,29,2546,Research Scientist,2
Yes,Human Resources,Male,19,2564,Human Resources,1
No,Sales,Female,30,8412,Sales Executive,9
No,Sales,Male,57,14118,Manager,1
No,Research & Development,Male,50,17046,Manager,27
No,Research & Development,Female,30,2564,Laboratory Technician,11
No,Sales,Female,60,10266,Sales Executive,18
No,Research & Development,Female,47,5070,Manufacturing Director,5
No,Research & Development,Male,46,17861,Research Director,3
No,Research & Development,Male,35,4230,Laboratory Technician,5
No,Research & Development,Female,54,3780,Laboratory Technician,1
No,Research & Development,Male,34,2768,Research Scientist,7
No,Sales,Female,46,9071,Sales Executive,3
No,Research & Development,Male,31,10648,Manufacturing Director,13
Yes,Research & Development,Male,33,13610,Manager,7
Yes,Research & Development,Male,33,3408,Laboratory Technician,4
No,Sales,Male,30,2983,Sales Representative,3
No,Research & Development,Male,35,7632,Healthcare Representative,8
Yes,Research & Development,Male,31,9824,Healthcare Representative,1
Yes,Human Resources,Female,34,9950,Human Resources,3
No,Research & Development,Male,42,2093,Laboratory Technician,2
No,Sales,Male,36,9980,Sales Executive,10
Yes,Research & Development,Male,22,3894,Laboratory Technician,2
No,Sales,Female,48,4051,Sales Executive,9
No,Sales,Female,55,16835,Manager,10
No,Sales,Male,41,6230,Sales Executive,14
No,Sales,Male,35,4717,Sales Executive,11
No,Research & Development,Female,40,13237,Manufacturing Director,20
No,Research & Development,Female,39,3755,Laboratory Technician,8
No,Sales,Male,31,6582,Sales Executive,6
No,Research & Development,Male,42,7406,Manufacturing Director,10
No,Sales,Male,45,4805,Sales Executive,8
Yes,Human Resources,Female,26,2741,Human Resources,7
No,Research & Development,Male,29,4262,Manufacturing Director,3
No,Research & Development,Female,33,16184,Research Director,6
No,Sales,Male,31,11557,Manager,5
Yes,Sales,Male,18,1878,Sales Representative,0
No,Sales,Male,40,10932,Sales Executive,1
No,Research & Development,Female,41,6811,Healthcare Representative,8
No,Sales,Male,26,4306,Sales Executive,0
No,Sales,Female,35,4859,Sales Executive,5
No,Sales,Male,34,5337,Sales Executive,10
Yes,Research & Development,Male,26,2340,Laboratory Technician,1
No,Research & Development,Female,37,7491,Manufacturing Director,6
No,Research & Development,Female,46,10527,Healthcare Representative,2
No,Sales,Female,41,16595,Manager,18
No,Sales,Male,37,8834,Sales Executive,9
No,Research & Development,Male,52,5577,Research Scientist,10
Yes,Sales,Male,32,4707,Sales Executive,4
No,Sales,Male,24,2400,Sales Representative,2
No,Research & Development,Female,38,9824,Healthcare Representative,1
No,Research & Development,Female,37,6447,Manufacturing Director,6
No,Research & Development,Male,49,19502,Research Director,31
No,Research & Development,Male,24,2725,Research Scientist,6
No,Sales,Male,26,6272,Sales Executive,5
No,Research & Development,Male,24,2127,Laboratory Technician,1
No,Human Resources,Male,50,18200,Manager,32
No,Sales,Male,25,2096,Sales Representative,7
Yes,Research & Development,Female,24,2886,Laboratory Technician,6
Yes,Sales,Male,30,2033,Sales Representative,1
No,Research & Development,Male,34,3622,Research Scientist,6
Yes,Sales,Male,31,4233,Sales Executive,3
No,Research & Development,Male,35,3681,Laboratory Technician,3
No,Sales,Male,31,5460,Sales Executive,7
No,Research & Development,Female,27,2187,Research Scientist,5
No,Sales,Male,37,9602,Sales Executive,3
No,Research & Development,Female,20,2836,Research Scientist,1
No,Research & Development,Female,42,4089,Healthcare Representative,10
No,Research & Development,Male,43,16627,Research Director,1
No,Research & Development,Female,38,2619,Research Scientist,0
No,Research & Development,Male,43,5679,Laboratory Technician,8
No,Research & Development,Female,48,15402,Manager,3
No,Human Resources,Female,44,5985,Human Resources,2
No,Sales,Female,34,2579,Sales Representative,8
Yes,Sales,Male,27,3041,Sales Representative,4
No,Sales,Male,21,3447,Sales Representative,3
No,Research & Development,Male,44,19513,Manager,2
No,Research & Development,Male,22,2773,Research Scientist,2
No,Sales,Male,33,7104,Sales Executive,5
No,Research & Development,Female,32,6322,Research Scientist,6
No,Research & Development,Female,30,2083,Research Scientist,1
No,Sales,Female,53,8381,Sales Executive,14
No,Research & Development,Male,34,2691,Research Scientist,10
Yes,Sales,Female,45,4286,Sales Executive,1
No,Research & Development,Female,26,2659,Laboratory Technician,3
No,Research & Development,Male,37,9434,Manufacturing Director,10
No,Sales,Female,29,5561,Sales Executive,6
No,Research & Development,Male,35,6646,Research Scientist,17
No,Research & Development,Male,33,7725,Healthcare Representative,13
No,Human Resources,Male,54,10725,Human Resources,9
No,Research & Development,Male,36,8847,Manufacturing Director,3
No,Research & Development,Male,27,2045,Research Scientist,4
Yes,Research & Development,Male,20,1009,Research Scientist,1
Yes,Research & Development,Male,33,3348,Research Scientist,10
No,Research & Development,Male,35,1281,Laboratory Technician,1
No,Research & Development,Male,23,2819,Research Scientist,3
No,Sales,Male,25,4851,Sales Executive,3
No,Sales,Female,38,4028,Sales Executive,7
No,Research & Development,Male,29,2720,Research Scientist,10
No,Sales,Male,48,8120,Sales Executive,2
No,Sales,Female,27,4647,Sales Executive,6
No,Research & Development,Male,37,4680,Research Scientist,1
No,Research & Development,Male,50,3221,Laboratory Technician,20
No,Research & Development,Female,34,8621,Healthcare Representative,8
Yes,Sales,Female,24,4577,Sales Executive,2
No,Research & Development,Female,39,4553,Healthcare Representative,20
No,Sales,Male,32,5396,Sales Executive,10
Yes,Sales,Male,50,6796,Sales Executive,4
No,Research & Development,Female,38,7625,Healthcare Representative,9
No,Research & Development,Female,27,7412,Manufacturing Director,9
No,Research & Development,Female,32,11159,Research Director,7
No,Sales,Male,47,4960,Sales Executive,7
No,Sales,Male,40,10475,Sales Executive,18
No,Research & Development,Male,53,14814,Research Director,5
No,Human Resources,Male,41,19141,Manager,21
No,Sales,Male,60,5405,Sales Executive,2
No,Research & Development,Male,27,8793,Manufacturing Director,9
No,Human Resources,Male,41,19189,Manager,22
No,Sales,Male,50,3875,Sales Representative,2
Yes,Research & Development,Female,28,2216,Research Scientist,7
No,Research & Development,Female,36,11713,Research Director,8
No,Research & Development,Female,38,7861,Manufacturing Director,1
No,Research & Development,Male,44,3708,Laboratory Technician,5
No,Sales,Female,47,13770,Sales Executive,22
No,Sales,Male,30,5304,Sales Executive,8
No,Sales,Male,29,2642,Sales Representative,1
Yes,Research & Development,Male,42,2759,Research Scientist,2
No,Sales,Male,43,6804,Sales Executive,2
No,Research & Development,Female,34,6142,Healthcare Representative,5
No,Research & Development,Male,23,2500,Laboratory Technician,4
No,Human Resources,Female,39,6389,Human Resources,8
No,Research & Development,Male,56,11103,Healthcare Representative,10
No,Research & Development,Female,40,2342,Research Scientist,4
No,Research & Development,Female,27,6811,Healthcare Representative,7
No,Sales,Male,29,2297,Sales Representative,2
No,Research & Development,Male,53,2450,Laboratory Technician,2
No,Research & Development,Female,35,5093,Healthcare Representative,1
No,Research & Development,Male,32,5309,Laboratory Technician,10
No,Research & Development,Male,38,3057,Research Scientist,1
No,Research & Development,Female,34,5121,Manufacturing Director,0
No,Sales,Male,52,16856,Manager,34
Yes,Research & Development,Male,33,2686,Research Scientist,10
No,Sales,Female,25,6180,Sales Executive,6
No,Sales,Male,45,6632,Sales Representative,8
No,Research & Development,Male,23,3505,Research Scientist,2
Yes,Sales,Female,47,6397,Sales Executive,5
No,Sales,Male,34,6274,Sales Executive,6
Yes,Research & Development,Male,55,19859,Manager,5
No,Sales,Male,36,7587,Sales Executive,10
No,Research & Development,Male,52,4258,Research Scientist,4
No,Research & Development,Female,26,4364,Laboratory Technician,2
No,Research & Development,Female,29,4335,Healthcare Representative,8
Yes,Sales,Male,26,5326,Sales Executive,4
No,Research & Development,Female,34,3280,Research Scientist,4
No,Research & Development,Female,54,5485,Manufacturing Director,5
No,Sales,Male,27,4342,Sales Executive,4
No,Research & Development,Female,37,2782,Research Scientist,5
No,Research & Development,Female,38,5980,Manufacturing Director,15
No,Research & Development,Female,34,4381,Research Scientist,6
No,Sales,Female,35,2572,Sales Representative,3
No,Research & Development,Male,30,3833,Laboratory Technician,2
No,Research & Development,Female,40,4244,Healthcare Representative,8
No,Sales,Female,34,6500,Sales Executive,3
No,Research & Development,Male,42,18430,Manager,24
Yes,Research & Development,Male,23,1601,Laboratory Technician,0
No,Research & Development,Male,24,2694,Laboratory Technician,1
No,Research & Development,Female,52,3149,Laboratory Technician,5
No,Research & Development,Male,50,17639,Research Director,4
Yes,Research & Development,Female,29,2319,Laboratory Technician,1
No,Research & Development,Male,33,11691,Research Director,13
Yes,Sales,Female,33,5324,Sales Executive,3
No,Research & Development,Female,47,16752,Manager,26
No,Research & Development,Female,36,5228,Manufacturing Director,9
No,Research & Development,Male,29,2700,Research Scientist,10
Yes,Research & Development,Male,58,19246,Research Director,31
No,Research & Development,Female,35,2506,Research Scientist,2
No,Research & Development,Female,42,6062,Manufacturing Director,4
Yes,Research & Development,Male,28,4382,Research Scientist,2
No,Human Resources,Male,36,2143,Human Resources,5
No,Research & Development,Female,32,6162,Manufacturing Director,14
No,Research & Development,Male,40,5094,Laboratory Technician,1
No,Research & Development,Female,30,6877,Manufacturing Director,0
No,Research & Development,Female,45,2274,Research Scientist,1
No,Research & Development,Male,42,4434,Manufacturing Director,9
No,Research & Development,Male,38,6288,Healthcare Representative,4
No,Research & Development,Female,34,2553,Research Scientist,5
Yes,Sales,Female,49,7654,Sales Executive,9
Yes,Sales,Male,55,5160,Sales Executive,9
No,Research & Development,Male,43,17159,Research Director,4
No,Research & Development,Male,27,12808,Research Director,9
No,Research & Development,Male,35,10221,Manufacturing Director,8
No,Sales,Female,28,4779,Sales Executive,8
No,Human Resources,Male,34,3737,Human Resources,3
Yes,Research & Development,Female,26,2366,Research Scientist,8
No,Research & Development,Male,27,1706,Research Scientist,0
No,Sales,Female,51,16307,Manager,20
No,Research & Development,Male,44,5933,Healthcare Representative,5
No,Research & Development,Male,25,3424,Research Scientist,4
No,Sales,Male,33,4037,Sales Executive,9
No,Research & Development,Female,35,2559,Research Scientist,6
No,Sales,Male,36,6201,Sales Executive,18
No,Sales,Male,32,4403,Sales Executive,5
No,Research & Development,Male,30,3761,Research Scientist,5
No,Sales,Female,53,10934,Sales Executive,5
No,Sales,Male,45,10761,Sales Executive,5
No,Research & Development,Female,32,5175,Research Scientist,5
No,Research & Development,Female,52,13826,Manufacturing Director,9
No,Sales,Male,37,6334,Sales Executive,1
No,Human Resources,Male,28,4936,Human Resources,5
No,Research & Development,Male,22,4775,Manufacturing Director,2
No,Research & Development,Male,44,2818,Laboratory Technician,3
No,Research & Development,Male,42,2515,Research Scientist,2
No,Human Resources,Male,36,2342,Human Resources,5
No,Sales,Male,25,4194,Sales Executive,5
No,Research & Development,Female,35,10685,Manufacturing Director,17
Yes,Research & Development,Female,35,2022,Research Scientist,10
No,Research & Development,Male,32,2314,Laboratory Technician,3
No,Sales,Male,25,4256,Sales Executive,5
No,Research & Development,Female,49,3580,Research Scientist,4
No,Research & Development,Male,24,3162,Laboratory Technician,5
No,Sales,Male,32,6524,Sales Executive,10
No,Sales,Male,38,2899,Sales Representative,2
No,Research & Development,Female,42,5231,Laboratory Technician,5
No,Research & Development,Male,31,2356,Research Scientist,6
Yes,Sales,Female,29,2800,Sales Representative,3
No,Sales,Male,53,11836,Sales Executive,2
No,Research & Development,Male,35,10903,Manufacturing Director,13
No,Sales,Female,37,2973,Sales Representative,5
No,Research & Development,Female,53,14275,Research Director,12
No,Research & Development,Female,43,5562,Healthcare Representative,5
No,Sales,Female,47,4537,Sales Executive,7
No,Sales,Male,37,7642,Sales Executive,10
No,Research & Development,Male,50,17924,Manager,31
No,Human Resources,Female,39,5204,Human Resources,5
No,Human Resources,Male,33,2277,Human Resources,4
Yes,Research & Development,Male,32,2795,Laboratory Technician,1
No,Research & Development,Female,29,2532,Laboratory Technician,4
No,Research & Development,Male,44,2559,Research Scientist,8
No,Sales,Male,28,4908,Sales Executive,4
Yes,Research & Development,Male,58,2380,Laboratory Technician,1
No,Research & Development,Female,43,4765,Manufacturing Director,1
Yes,Sales,Female,20,2044,Sales Representative,2
Yes,Research & Development,Female,21,2693,Research Scientist,1
No,Research & Development,Male,36,6586,Healthcare Representative,16
No,Sales,Female,47,3294,Sales Representative,3
Yes,Research & Development,Female,22,4171,Manufacturing Director,3
Yes,Research & Development,Female,41,2778,Laboratory Technician,7
No,Research & Development,Female,28,2377,Research Scientist,2
Yes,Research & Development,Male,39,2404,Laboratory Technician,2
No,Research & Development,Female,27,2318,Research Scientist,1
No,Research & Development,Male,34,2008,Laboratory Technician,1
No,Sales,Female,42,6244,Sales Executive,5
No,Research & Development,Male,33,2799,Research Scientist,3
No,Research & Development,Female,58,10552,Healthcare Representative,6
No,Sales,Male,31,2329,Sales Representative,7
No,Research & Development,Female,35,4014,Healthcare Representative,10
No,Research & Development,Female,49,7403,Laboratory Technician,26
No,Research & Development,Male,48,2259,Research Scientist,0
No,Sales,Female,31,6932,Sales Executive,9
No,Research & Development,Male,36,4678,Research Scientist,6
No,Research & Development,Female,38,13582,Research Director,15
No,Research & Development,Female,32,2332,Laboratory Technician,3
Yes,Sales,Male,25,2413,Sales Representative,1
No,Sales,Male,40,9705,Sales Executive,1
No,Sales,Male,26,4294,Sales Executive,7
No,Research & Development,Male,41,4721,Laboratory Technician,18
No,Research & Development,Male,36,2519,Laboratory Technician,11
Yes,Sales,Male,19,2121,Sales Representative,1
Yes,Research & Development,Male,20,2973,Laboratory Technician,1
No,Research & Development,Female,31,5855,Healthcare Representative,9
No,Research & Development,Male,40,3617,Research Scientist,1
No,Research & Development,Female,32,6725,Manufacturing Director,8
Yes,Sales,Male,36,10325,Sales Executive,16
No,Research & Development,Female,33,6949,Healthcare Representative,5
Yes,Sales,Male,37,10609,Sales Executive,14
No,Research & Development,Male,45,4447,Laboratory Technician,9
No,Sales,Female,29,2157,Sales Representative,3
No,Sales,Female,35,4601,Sales Executive,5
No,Research & Development,Male,52,17099,Manager,9
Yes,Research & Development,Male,58,2479,Research Scientist,1
No,Sales,Male,53,14852,Manager,17
No,Sales,Male,30,7264,Sales Executive,8
No,Sales,Female,38,5666,Sales Executive,5
No,Sales,Male,35,7823,Sales Executive,10
No,Sales,Male,39,7880,Sales Executive,8
Yes,Sales,Female,40,13194,Sales Executive,1
No,Research & Development,Male,47,5067,Manufacturing Director,19
No,Sales,Male,36,5079,Sales Executive,7
Yes,Research & Development,Male,31,2321,Research Scientist,3
No,Sales,Male,33,17444,Manager,10
Yes,Research & Development,Female,29,2404,Research Scientist,0
No,Research & Development,Female,33,3452,Research Scientist,3
No,Research & Development,Female,45,2270,Laboratory Technician,5
No,Research & Development,Male,50,17399,Research Director,5
No,Research & Development,Female,33,5488,Healthcare Representative,6
No,Research & Development,Male,41,19419,Research Director,18
No,Research & Development,Female,27,2811,Laboratory Technician,2
No,Research & Development,Male,45,3633,Laboratory Technician,9
No,Sales,Female,47,4163,Sales Executive,9
Yes,Research & Development,Female,30,2132,Research Scientist,5
No,Research & Development,Male,50,13973,Manufacturing Director,12
No,Research & Development,Male,38,2684,Research Scientist,2
No,Research & Development,Male,46,10845,Manufacturing Director,8
No,Research & Development,Female,24,4377,Manufacturing Director,4
Yes,Research & Development,Male,35,3743,Laboratory Technician,4
No,Research & Development,Female,31,4148,Manufacturing Director,4
No,Research & Development,Male,18,1051,Research Scientist,0
No,Research & Development,Female,54,10739,Manufacturing Director,10
No,Research & Development,Female,35,10388,Healthcare Representative,16
No,Research & Development,Female,30,11416,Research Director,8
Yes,Research & Development,Female,20,2600,Research Scientist,1
Yes,Research & Development,Female,30,2422,Laboratory Technician,3
No,Research & Development,Male,26,5472,Manufacturing Director,8
No,Research & Development,Male,22,2451,Laboratory Technician,4
No,Research & Development,Male,48,4240,Healthcare Representative,2
No,Research & Development,Male,48,10999,Healthcare Representative,15
No,Research & Development,Female,41,5003,Manufacturing Director,2
No,Research & Development,Female,39,12742,Manufacturing Director,21
No,Research & Development,Female,27,4227,Manufacturing Director,3
No,Research & Development,Male,35,3917,Laboratory Technician,3
No,Sales,Male,42,18303,Manager,1
No,Research & Development,Male,50,2380,Laboratory Technician,1
No,Research & Development,Female,59,13726,Manufacturing Director,5
Yes,Research & Development,Female,37,4777,Healthcare Representative,1
No,Research & Development,Male,55,6385,Healthcare Representative,8
No,Research & Development,Female,41,19973,Research Director,21
No,Sales,Male,38,6861,Sales Executive,1
Yes,Sales,Male,26,4969,Sales Executive,2
Yes,Sales,Female,52,19845,Manager,32
No,Sales,Female,44,13320,Sales Executive,12
No,Sales,Female,50,6347,Sales Executive,18
Yes,Research & Development,Female,36,2743,Laboratory Technician,17
No,Research & Development,Female,39,10880,Manufacturing Director,21
No,Sales,Female,33,2342,Sales Representative,2
No,Sales,Female,45,17650,Manager,9
No,Research & Development,Female,32,4025,Laboratory Technician,8
No,Sales,Male,34,9725,Sales Executive,15
No,Sales,Male,59,11904,Manager,6
No,Human Resources,Male,45,2177,Human Resources,6
No,Sales,Female,53,7525,Sales Executive,15
Yes,Research & Development,Male,36,4834,Laboratory Technician,1
Yes,Research & Development,Male,26,2042,Research Scientist,3
No,Sales,Female,34,2220,Sales Representative,1
No,Sales,Male,28,1052,Sales Representative,1
No,Research & Development,Male,38,2821,Research Scientist,2
No,Research & Development,Male,50,19237,Research Director,8
No,Research & Development,Female,37,4107,Healthcare Representative,4
No,Sales,Male,40,8396,Sales Executive,7
No,Research & Development,Female,26,2007,Research Scientist,5
No,Research & Development,Male,46,19627,Research Director,2
No,Sales,Female,54,10686,Sales Executive,9
No,Research & Development,Female,56,2942,Research Scientist,5
No,Research & Development,Female,36,8858,Manufacturing Director,14
No,Research & Development,Male,55,16756,Manager,9
No,Sales,Male,43,10798,Sales Executive,1
Yes,Sales,Female,20,2323,Sales Representative,2
Yes,Research & Development,Female,21,1416,Laboratory Technician,1
No,Research & Development,Female,46,4615,Research Scientist,16
Yes,Research & Development,Male,51,2461,Research Scientist,10
Yes,Research & Development,Male,28,8722,Healthcare Representative,10
No,Research & Development,Male,26,3955,Laboratory Technician,5
No,Research & Development,Male,30,9957,Manufacturing Director,6
No,Research & Development,Female,41,3376,Research Scientist,10
No,Research & Development,Female,38,8823,Healthcare Representative,19
No,Research & Development,Male,40,10322,Healthcare Representative,11
No,Research & Development,Male,27,4621,Laboratory Technician,3
No,Research & Development,Male,55,10976,Manufacturing Director,3
No,Research & Development,Female,28,3660,Research Scientist,8
Yes,Human Resources,Male,44,10482,Human Resources,20
No,Research & Development,Male,33,7119,Healthcare Representative,3
Yes,Sales,Male,35,9582,Sales Executive,8
Yes,Research & Development,Female,33,4508,Research Scientist,13
No,Research & Development,Male,28,2207,Laboratory Technician,4
No,Research & Development,Male,34,7756,Healthcare Representative,6
No,Sales,Female,37,6694,Sales Executive,1
Yes,Research & Development,Male,25,3691,Laboratory Technician,7
Yes,Research & Development,Male,26,2377,Laboratory Technician,1
Yes,Research & Development,Male,33,2313,Research Scientist,2
No,Research & Development,Male,42,17665,Manager,22
Yes,Research & Development,Male,28,2596,Laboratory Technician,1
Yes,Sales,Male,50,4728,Sales Executive,0
No,Sales,Female,33,4302,Sales Executive,3
No,Research & Development,Male,34,2979,Research Scientist,0
No,Research & Development,Male,48,16885,Manager,5
No,Sales,Female,45,5593,Sales Executive,15
No,Research & Development,Male,52,10445,Healthcare Representative,8
No,Sales,Male,38,8740,Sales Executive,8
No,Research & Development,Female,29,2514,Research Scientist,7
No,Research & Development,Female,28,7655,Manufacturing Director,9
No,Sales,Male,46,17465,Manager,12
No,Sales,Male,38,7351,Sales Executive,1
No,Research & Development,Female,43,10820,Manufacturing Director,8
Yes,Research & Development,Male,39,12169,Healthcare Representative,18
No,Research & Development,Male,40,19626,Research Director,20
No,Research & Development,Female,21,2070,Research Scientist,2
No,Research & Development,Male,39,6782,Laboratory Technician,5
No,Research & Development,Male,36,7779,Manufacturing Director,11
No,Sales,Male,31,2791,Sales Representative,2
No,Research & Development,Male,28,3201,Research Scientist,5
No,Sales,Male,35,4968,Sales Executive,5
No,Sales,Male,49,13120,Sales Executive,9
No,Research & Development,Male,34,4033,Manufacturing Director,3
No,Research & Development,Female,29,3291,Research Scientist,7
No,Research & Development,Male,42,4272,Laboratory Technician,1
No,Research & Development,Male,29,5056,Manufacturing Director,10
No,Human Resources,Male,38,2844,Human Resources,7
No,Research & Development,Male,28,2703,Research Scientist,3
Yes,Research & Development,Male,18,1904,Laboratory Technician,0
Yes,Sales,Female,33,8224,Sales Executive,5
No,Research & Development,Male,41,4766,Laboratory Technician,1
Yes,Research & Development,Male,31,2610,Laboratory Technician,2
No,Research & Development,Female,37,5731,Healthcare Representative,6
No,Research & Development,Male,27,2539,Research Scientist,4
No,Sales,Female,34,5714,Sales Executive,6
No,Human Resources,Male,35,4323,Human Resources,5
Yes,Sales,Female,29,7336,Sales Executive,11
No,Research & Development,Female,40,13499,Research Director,18
Yes,Sales,Male,42,13758,Sales Executive,21
No,Sales,Male,42,5155,Sales Executive,6
No,Research & Development,Male,35,2258,Laboratory Technician,8
No,Research & Development,Male,24,3597,Laboratory Technician,4
Yes,Research & Development,Female,28,2515,Laboratory Technician,1
No,Research & Development,Male,26,4420,Laboratory Technician,8
No,Sales,Male,30,6578,Sales Executive,10
No,Research & Development,Female,40,4422,Research Scientist,1
No,Research & Development,Male,35,10274,Manufacturing Director,7
No,Research & Development,Male,34,5343,Healthcare Representative,13
No,Research & Development,Male,35,2376,Laboratory Technician,2
Yes,Sales,Female,43,5346,Sales Executive,4
No,Sales,Female,32,2827,Sales Representative,1
No,Research & Development,Female,56,19943,Manager,5
No,Research & Development,Female,29,3131,Laboratory Technician,10
No,Research & Development,Male,19,2552,Research Scientist,1
No,Research & Development,Female,45,4477,Research Scientist,3
No,Research & Development,Female,37,6474,Manufacturing Director,14
No,Research & Development,Male,20,3033,Laboratory Technician,2
Yes,Research & Development,Male,44,2936,Research Scientist,6
No,Research & Development,Female,53,18606,Manager,7
No,Research & Development,Female,29,2168,Research Scientist,5
Yes,Research & Development,Male,22,2853,Research Scientist,0
No,Sales,Female,46,17048,Manager,26
No,Research & Development,Male,44,2290,Research Scientist,0
No,Human Resources,Male,33,3600,Human Resources,5
Yes,Research & Development,Male,41,2107,Research Scientist,1
No,Sales,Male,30,4115,Sales Executive,4
No,Sales,Male,40,4327,Sales Executive,0
No,Research & Development,Female,50,17856,Manager,2
No,Research & Development,Male,28,3196,Laboratory Technician,6
No,Research & Development,Male,46,19081,Research Director,4
No,Sales,Male,35,8966,Sales Executive,7
Yes,Research & Development,Female,24,2210,Laboratory Technician,1
No,Sales,Female,33,4539,Sales Executive,10
No,Research & Development,Male,36,2741,Laboratory Technician,7
No,Research & Development,Male,30,3491,Laboratory Technician,10
No,Research & Development,Male,44,4541,Research Scientist,20
No,Sales,Male,20,2678,Sales Representative,2
No,Research & Development,Male,46,7379,Manufacturing Director,6
No,Human Resources,Male,42,6272,Human Resources,4
No,Sales,Male,60,5220,Sales Executive,11
No,Research & Development,Female,32,2743,Laboratory Technician,2
No,Research & Development,Female,32,4998,Research Scientist,8
No,Research & Development,Female,36,10252,Manufacturing Director,7
No,Research & Development,Male,33,2781,Research Scientist,14
No,Sales,Female,40,6852,Sales Executive,5
No,Sales,Male,25,4950,Sales Executive,4
No,Research & Development,Male,30,3579,Research Scientist,11
No,Research & Development,Female,42,13191,Research Director,1
No,Sales,Female,35,10377,Sales Executive,13
No,Research & Development,Male,27,2235,Research Scientist,9
No,Research & Development,Female,54,10502,Manufacturing Director,5
No,Research & Development,Female,44,2011,Research Scientist,10
Yes,Research & Development,Female,19,1859,Research Scientist,1
No,Research & Development,Female,29,3760,Research Scientist,3
No,Research & Development,Male,54,17779,Research Director,10
No,Research & Development,Male,31,6833,Healthcare Representative,6
No,Research & Development,Female,31,6812,Healthcare Representative,10
No,Sales,Female,59,5171,Sales Executive,6
No,Research & Development,Male,43,19740,Research Director,8
No,Research & Development,Male,49,18711,Manager,1
No,Research & Development,Male,36,3692,Research Scientist,11
No,Research & Development,Male,48,2559,Laboratory Technician,1
No,Research & Development,Male,27,2517,Research Scientist,5
No,Research & Development,Male,29,6623,Healthcare Representative,6
No,Research & Development,Male,48,18265,Research Director,1
No,Research & Development,Female,29,16124,Research Director,7
No,Research & Development,Female,34,2585,Research Scientist,1
No,Sales,Male,44,18213,Manager,22
No,Sales,Male,33,8380,Sales Executive,9
No,Research & Development,Female,19,2994,Research Scientist,1
No,Research & Development,Male,23,1223,Research Scientist,1
Yes,Sales,Male,25,1118,Sales Representative,1
No,Research & Development,Male,26,2875,Research Scientist,8
Yes,Sales,Female,45,18824,Manager,24
No,Research & Development,Male,55,13577,Healthcare Representative,33
Yes,Research & Development,Female,21,2625,Laboratory Technician,2
No,Sales,Female,46,18789,Manager,11
No,Sales,Female,34,4538,Sales Executive,3
No,Sales,Male,51,19847,Manager,29
No,Research & Development,Male,59,10512,Manufacturing Director,9
No,Research & Development,Female,34,4444,Laboratory Technician,11
No,Research & Development,Male,28,2154,Laboratory Technician,4
No,Research & Development,Male,44,19190,Manager,25
No,Human Resources,Male,34,4490,Human Resources,10
No,Research & Development,Male,35,3506,Research Scientist,3
No,Research & Development,Female,42,2372,Research Scientist,1
No,Sales,Female,43,10231,Sales Executive,21
No,Research & Development,Female,36,5410,Manufacturing Director,16
Yes,Research & Development,Female,44,7978,Healthcare Representative,10
No,Research & Development,Male,28,3867,Laboratory Technician,2
No,Research & Development,Female,51,2838,Laboratory Technician,7
No,Research & Development,Female,30,4695,Manufacturing Director,8
Yes,Research & Development,Female,29,3339,Laboratory Technician,7
No,Research & Development,Male,28,2080,Research Scientist,3
No,Research & Development,Female,25,2096,Research Scientist,2
No,Sales,Male,32,6209,Sales Executive,10
No,Research & Development,Female,45,18061,Manager,0
No,Research & Development,Female,39,17123,Manager,19
No,Research & Development,Male,58,2372,Research Scientist,2
Yes,Research & Development,Male,32,4883,Laboratory Technician,10
Yes,Research & Development,Male,39,3904,Research Scientist,5
No,Research & Development,Female,30,4627,Laboratory Technician,9
No,Research & Development,Female,36,7094,Healthcare Representative,7
No,Human Resources,Female,46,3423,Human Resources,7
No,Research & Development,Female,28,6674,Laboratory Technician,9
No,Research & Development,Female,50,16880,Research Director,3
Yes,Sales,Male,40,9094,Sales Executive,5
Yes,Sales,Male,52,8446,Sales Executive,8
No,Research & Development,Female,30,11916,Manager,9
No,Research & Development,Male,39,4534,Manufacturing Director,8
No,Sales,Female,31,9852,Sales Executive,10
No,Sales,Male,41,6151,Sales Executive,19
Yes,Sales,Female,31,2302,Sales Representative,3
Yes,Research & Development,Male,44,2362,Laboratory Technician,3
No,Research & Development,Male,42,17861,Manager,20
No,Research & Development,Female,55,19187,Manager,19
No,Human Resources,Male,56,19717,Manager,7
No,Research & Development,Male,40,3544,Research Scientist,4
No,Research & Development,Male,34,8500,Healthcare Representative,9
No,Research & Development,Male,40,4661,Research Scientist,9
No,Sales,Female,41,4103,Sales Executive,9
No,Research & Development,Male,35,4249,Research Scientist,9
No,Human Resources,Male,51,14026,Manager,33
No,Sales,Female,38,6893,Sales Executive,7
No,Sales,Female,34,6125,Sales Executive,10
No,Research & Development,Male,25,3669,Laboratory Technician,3
Yes,Research & Development,Female,58,10008,Manufacturing Director,10
No,Research & Development,Male,40,2387,Laboratory Technician,4
No,Sales,Female,36,4639,Sales Executive,15
No,Research & Development,Male,48,7898,Manufacturing Director,10
No,Sales,Female,27,2534,Sales Representative,1
No,Research & Development,Female,51,13142,Manufacturing Director,5
No,Research & Development,Female,18,1611,Laboratory Technician,0
No,Research & Development,Female,35,5363,Laboratory Technician,9
No,Sales,Male,27,5071,Sales Executive,6
Yes,Sales,Male,55,13695,Sales Executive,19
No,Research & Development,Male,56,13402,Manufacturing Director,19
No,Research & Development,Female,34,2029,Research Scientist,5
No,Research & Development,Female,40,6377,Healthcare Representative,12
No,Research & Development,Male,34,5429,Laboratory Technician,8
Yes,Sales,Female,31,2785,Sales Representative,1
Yes,Sales,Female,35,4614,Sales Executive,4
No,Research & Development,Male,38,2610,Research Scientist,4
No,Research & Development,Female,34,6687,Healthcare Representative,14
No,Sales,Male,28,4724,Sales Executive,5
Yes,Research & Development,Male,31,6179,Manufacturing Director,10
No,Sales,Male,39,6120,Sales Executive,5
No,Sales,Male,51,10596,Sales Executive,4
No,Research & Development,Female,41,5467,Research Scientist,6
No,Research & Development,Male,37,2996,Research Scientist,6
No,Sales,Male,33,9998,Sales Executive,5
No,Sales,Male,32,4078,Sales Executive,3
No,Research & Development,Male,39,10920,Healthcare Representative,6
No,Sales,Male,25,6232,Sales Executive,3
No,Research & Development,Female,52,13247,Manufacturing Director,5
No,Research & Development,Female,43,4081,Research Scientist,20
No,Sales,Female,27,5769,Sales Executive,6
Yes,Research & Development,Female,27,2394,Research Scientist,8
No,Research & Development,Male,26,3904,Research Scientist,4
No,Human Resources,Female,42,16799,Manager,20
No,Research & Development,Female,52,2950,Laboratory Technician,5
No,Research & Development,Female,37,3629,Laboratory Technician,3
No,Research & Development,Male,35,9362,Manufacturing Director,2
No,Research & Development,Male,25,3229,Laboratory Technician,3
No,Research & Development,Male,26,3578,Laboratory Technician,7
No,Human Resources,Male,29,7988,Human Resources,10
Yes,Research & Development,Male,49,4284,Laboratory Technician,4
Yes,Research & Development,Female,29,7553,Healthcare Representative,8
No,Research & Development,Female,54,17328,Research Director,20
No,Research & Development,Female,58,19701,Research Director,9
No,Research & Development,Male,55,14732,Research Director,7
No,Sales,Female,36,9278,Sales Executive,5
Yes,Sales,Female,31,1359,Sales Representative,1
No,Sales,Female,30,4779,Sales Executive,3
No,Research & Development,Female,31,16422,Research Director,3
No,Research & Development,Male,34,2996,Research Scientist,4
Yes,Research & Development,Female,31,1261,Research Scientist,1
No,Research & Development,Male,27,2099,Laboratory Technician,5
No,Research & Development,Male,36,5810,Laboratory Technician,10
No,Sales,Female,36,5647,Sales Executive,3
No,Research & Development,Male,47,3420,Research Scientist,6
Yes,Sales,Male,25,4400,Sales Representative,3
No,Research & Development,Male,37,3500,Laboratory Technician,6
No,Research & Development,Female,56,2066,Research Scientist,3
No,Research & Development,Female,47,17169,Research Director,20
No,Sales,Female,24,4162,Sales Executive,5
No,Sales,Male,32,9204,Sales Executive,4
No,Research & Development,Female,34,3294,Laboratory Technician,5
No,Research & Development,Male,41,2127,Research Scientist,4
No,Research & Development,Male,40,3975,Laboratory Technician,8
No,Sales,Male,31,10793,Sales Executive,13
Yes,Sales,Male,46,10096,Sales Executive,7
Yes,Research & Development,Female,39,3646,Laboratory Technician,1
Yes,Research & Development,Female,31,7446,Manufacturing Director,10
No,Research & Development,Male,45,10851,Healthcare Representative,7
No,Human Resources,Female,31,2109,Human Resources,3
Yes,Research & Development,Male,31,3722,Laboratory Technician,2
No,Research & Development,Male,45,9380,Manufacturing Director,3
No,Sales,Male,48,5486,Sales Executive,2
Yes,Human Resources,Female,34,2742,Human Resources,2
No,Research & Development,Male,40,13757,Research Director,9
No,Sales,Male,28,8463,Sales Executive,5
No,Research & Development,Male,44,3162,Laboratory Technician,5
No,Research & Development,Male,53,16598,Research Director,9
No,Research & Development,Male,49,6651,Healthcare Representative,3
No,Research & Development,Male,40,2345,Research Scientist,3
No,Research & Development,Male,44,3420,Research Scientist,5
No,Sales,Male,33,4373,Sales Executive,4
No,Sales,Male,34,4759,Sales Executive,13
No,Sales,Male,30,5301,Sales Executive,2
No,Research & Development,Female,42,3673,Laboratory Technician,12
No,Sales,Female,44,4768,Sales Executive,1
No,Research & Development,Male,30,1274,Research Scientist,1
No,Research & Development,Male,57,4900,Research Scientist,12
No,Research & Development,Male,49,10466,Healthcare Representative,8
No,Research & Development,Male,34,17007,Research Director,14
Yes,Sales,Male,28,2909,Sales Representative,3
Yes,Sales,Female,29,5765,Sales Executive,5
Yes,Sales,Female,34,4599,Sales Executive,15
No,Sales,Male,35,2404,Sales Representative,1
Yes,Research & Development,Male,24,3172,Laboratory Technician,0
No,Sales,Female,24,2033,Sales Representative,1
No,Research & Development,Male,44,10209,Manufacturing Director,2
No,Sales,Male,29,8620,Sales Executive,10
No,Human Resources,Male,30,2064,Human Resources,5
No,Research & Development,Male,55,4035,Healthcare Representative,3
No,Research & Development,Female,33,3838,Laboratory Technician,5
No,Sales,Female,47,4591,Sales Executive,5
Yes,Research & Development,Male,28,2561,Laboratory Technician,0
No,Research & Development,Male,28,1563,Research Scientist,1
No,Sales,Male,28,4898,Sales Executive,4
No,Research & Development,Female,49,4789,Laboratory Technician,3
No,Research & Development,Female,29,3180,Laboratory Technician,3
No,Research & Development,Male,28,6549,Manufacturing Director,8
No,Research & Development,Male,33,6388,Healthcare Representative,0
No,Research & Development,Male,32,11244,Manager,5
No,Research & Development,Female,54,16032,Manager,14
Yes,Research & Development,Male,29,2362,Research Scientist,9
No,Research & Development,Male,44,16328,Research Director,20
No,Research & Development,Female,39,8376,Manufacturing Director,2
No,Sales,Female,46,16606,Manager,13
No,Research & Development,Female,35,8606,Healthcare Representative,11
No,Research & Development,Male,23,2272,Laboratory Technician,4
Yes,Research & Development,Male,40,2018,Laboratory Technician,5
No,Sales,Male,34,7083,Sales Executive,10
Yes,Research & Development,Female,31,4084,Research Scientist,7
No,Research & Development,Male,50,14411,Research Director,32
No,Sales,Male,34,2308,Sales Representative,11
No,Research & Development,Male,42,4841,Laboratory Technician,1
No,Research & Development,Male,37,4285,Research Scientist,10
No,Research & Development,Female,29,9715,Healthcare Representative,7
No,Research & Development,Male,33,4320,Manufacturing Director,5
No,Research & Development,Male,45,2132,Research Scientist,5
No,Research & Development,Male,42,10124,Healthcare Representative,20
No,Sales,Male,40,5473,Sales Executive,8
No,Research & Development,Male,33,5207,Laboratory Technician,15
No,Human Resources,Male,40,16437,Manager,21
No,Research & Development,Male,24,2296,Laboratory Technician,1
No,Research & Development,Male,40,4069,Healthcare Representative,2
No,Research & Development,Male,45,7441,Healthcare Representative,10
No,Sales,Female,35,2430,Sales Representative,5
No,Research & Development,Female,32,5878,Research Scientist,7
No,Sales,Male,36,2644,Sales Representative,3
No,Sales,Female,48,6439,Sales Executive,8
No,Research & Development,Male,29,2451,Research Scientist,1
No,Sales,Male,33,6392,Sales Executive,2
Yes,Sales,Male,30,9714,Sales Executive,10
No,Human Resources,Male,38,6077,Human Resources,6
No,Research & Development,Male,35,2450,Laboratory Technician,3
No,Sales,Male,30,9250,Sales Executive,4
Yes,Research & Development,Female,35,2074,Laboratory Technician,1
Yes,Research & Development,Female,53,10169,Manufacturing Director,33
Yes,Research & Development,Male,38,4855,Manufacturing Director,5
No,Research & Development,Male,32,4087,Research Scientist,6
No,Research & Development,Female,48,2367,Research Scientist,8
No,Research & Development,Male,34,2972,Research Scientist,1
No,Sales,Male,55,19586,Manager,36
No,Research & Development,Male,34,5484,Research Scientist,2
No,Research & Development,Female,26,2061,Research Scientist,1
No,Sales,Male,38,9924,Sales Executive,9
No,Sales,Female,38,4198,Sales Executive,3
No,Sales,Female,36,6815,Sales Executive,1
No,Research & Development,Male,29,4723,Laboratory Technician,10
No,Research & Development,Female,35,6142,Healthcare Representative,5
No,Sales,Male,39,8237,Sales Executive,7
No,Research & Development,Male,29,8853,Healthcare Representative,6
No,Sales,Male,50,19331,Manager,1
No,Research & Development,Male,23,2073,Research Scientist,2
No,Research & Development,Male,36,5562,Laboratory Technician,3
No,Research & Development,Male,42,19613,Manager,1
No,Research & Development,Male,35,3407,Laboratory Technician,10
No,Research & Development,Male,34,5063,Healthcare Representative,8
No,Sales,Female,40,4639,Sales Executive,5
No,Research & Development,Male,43,4876,Laboratory Technician,6
No,Research & Development,Male,35,2690,Laboratory Technician,1
No,Sales,Male,46,17567,Manager,26
Yes,Research & Development,Male,28,2408,Laboratory Technician,1
No,Research & Development,Female,22,2814,Research Scientist,4
No,Research & Development,Male,50,11245,Healthcare Representative,30
No,Research & Development,Female,32,3312,Research Scientist,3
No,Research & Development,Female,44,19049,Research Director,22
No,Research & Development,Male,30,2141,Research Scientist,6
No,Research & Development,Female,45,5769,Laboratory Technician,10
No,Sales,Male,45,4385,Sales Executive,10
No,Sales,Male,31,5332,Sales Executive,5
No,Research & Development,Female,36,4663,Manufacturing Director,3
No,Research & Development,Male,34,4724,Manufacturing Director,9
No,Research & Development,Female,49,3211,Laboratory Technician,9
No,Research & Development,Male,39,5377,Manufacturing Director,7
No,Research & Development,Male,27,4066,Laboratory Technician,7
No,Research & Development,Male,35,5208,Research Scientist,16
No,Research & Development,Female,28,4877,Manufacturing Director,5
No,Research & Development,Male,21,3117,Research Scientist,2
Yes,Sales,Female,18,1569,Sales Representative,0
No,Human Resources,Female,47,19658,Manager,5
No,Research & Development,Male,39,3069,Laboratory Technician,10
No,Research & Development,Female,40,10435,Manufacturing Director,18
No,Research & Development,Female,35,4148,Healthcare Representative,14
No,Research & Development,Male,37,5768,Manufacturing Director,4
No,Research & Development,Female,39,5042,Manufacturing Director,9
No,Research & Development,Female,45,5770,Manufacturing Director,10
No,Research & Development,Female,38,7756,Manufacturing Director,5
Yes,Sales,Male,35,10306,Sales Executive,13
No,Research & Development,Female,37,3936,Research Scientist,8
No,Research & Development,Female,40,7945,Manufacturing Director,4
No,Human Resources,Male,44,5743,Human Resources,10
No,Research & Development,Male,48,15202,Manager,2
Yes,Sales,Male,35,5440,Sales Executive,2
No,Research & Development,Female,24,3760,Research Scientist,6
No,Research & Development,Female,27,3517,Research Scientist,3
No,Research & Development,Male,27,2580,Research Scientist,4
Yes,Research & Development,Male,40,2166,Laboratory Technician,4
No,Sales,Male,29,5869,Sales Executive,5
No,Research & Development,Female,36,8008,Healthcare Representative,3
No,Research & Development,Male,25,5206,Manufacturing Director,7
No,Research & Development,Male,39,5295,Manufacturing Director,5
No,Research & Development,Female,49,16413,Research Director,4
No,Research & Development,Female,50,13269,Research Director,14
No,Sales,Female,20,2783,Sales Representative,2
No,Research & Development,Female,34,5433,Research Scientist,11
No,Research & Development,Male,36,2013,Laboratory Technician,4
No,Research & Development,Female,49,13966,Healthcare Representative,15
No,Research & Development,Female,36,4374,Manufacturing Director,3
No,Research & Development,Male,36,6842,Healthcare Representative,5
No,Research & Development,Female,54,17426,Manager,10
No,Research & Development,Male,43,17603,Research Director,14
Yes,Sales,Male,35,4581,Sales Executive,11
No,Research & Development,Male,38,4735,Research Scientist,13
No,Sales,Male,29,4187,Sales Executive,10
No,Sales,Male,33,5505,Sales Executive,6
No,Research & Development,Male,32,5470,Research Scientist,9
No,Sales,Female,31,5476,Sales Executive,10
No,Research & Development,Female,49,2587,Laboratory Technician,2
No,Research & Development,Female,38,2440,Laboratory Technician,4
No,Sales,Female,47,15972,Manager,3
No,Research & Development,Male,49,15379,Manager,8
No,Sales,Male,41,7082,Sales Executive,2
No,Sales,Male,20,2728,Sales Representative,2
No,Sales,Female,33,5368,Sales Executive,6
No,Research & Development,Male,36,5347,Healthcare Representative,3
No,Human Resources,Female,44,3195,Human Resources,2
Yes,Research & Development,Male,23,3989,Laboratory Technician,5
No,Research & Development,Female,38,3306,Laboratory Technician,0
No,Research & Development,Male,53,7005,Healthcare Representative,4
Yes,Sales,Female,48,2655,Sales Representative,9
Yes,Research & Development,Male,32,1393,Laboratory Technician,1
No,Research & Development,Male,26,2570,Laboratory Technician,7
No,Research & Development,Male,55,3537,Research Scientist,4
No,Research & Development,Male,34,3986,Laboratory Technician,15
No,Research & Development,Male,60,10883,Healthcare Representative,1
No,Research & Development,Male,33,2028,Laboratory Technician,14
No,Sales,Male,37,9525,Sales Executive,6
No,Research & Development,Female,34,2929,Research Scientist,10
Yes,Sales,Male,23,2275,Sales Representative,3
No,Research & Development,Female,44,7879,Healthcare Representative,8
No,Research & Development,Male,35,4930,Research Scientist,5
No,Sales,Male,43,7847,Sales Executive,10
No,Research & Development,Male,24,4401,Research Scientist,5
No,Sales,Male,41,9241,Sales Executive,10
No,Research & Development,Female,29,2974,Laboratory Technician,5
No,Sales,Female,36,4502,Sales Representative,13
No,Research & Development,Male,45,10748,Healthcare Representative,23
Yes,Human Resources,Male,24,1555,Human Resources,1
Yes,Sales,Male,47,12936,Sales Executive,23
No,Research & Development,Male,26,2305,Laboratory Technician,3
No,Research & Development,Female,45,16704,Research Director,21
No,Research & Development,Male,32,3433,Research Scientist,5
No,Research & Development,Male,31,3477,Laboratory Technician,5
No,Human Resources,Male,41,6430,Human Resources,3
No,Research & Development,Female,40,6516,Manufacturing Director,1
No,Research & Development,Male,24,3907,Laboratory Technician,6
No,Research & Development,Male,46,5562,Healthcare Representative,10
No,Research & Development,Male,35,6883,Manufacturing Director,7
No,Research & Development,Male,30,2862,Research Scientist,10
No,Sales,Male,47,4978,Sales Executive,1
No,Sales,Male,46,10368,Sales Executive,10
Yes,Sales,Male,36,6134,Sales Executive,2
Yes,Sales,Male,32,6735,Sales Executive,0
No,Research & Development,Female,23,3295,Laboratory Technician,3
No,Research & Development,Female,31,5238,Manufacturing Director,5
No,Research & Development,Male,39,6472,Laboratory Technician,9
No,Sales,Male,32,9610,Sales Executive,4
No,Sales,Male,40,19833,Manager,21
No,Human Resources,Female,45,9756,Human Resources,5
No,Research & Development,Female,30,4968,Research Scientist,9
No,Human Resources,Male,24,2145,Human Resources,2
Yes,Human Resources,Female,30,2180,Human Resources,4
No,Sales,Male,31,8346,Sales Executive,5
No,Research & Development,Female,27,3445,Research Scientist,6
Yes,Sales,Female,29,2760,Sales Representative,2
No,Research & Development,Male,29,6294,Healthcare Representative,3
No,Sales,Male,30,7140,Sales Executive,7
No,Research & Development,Male,34,2932,Research Scientist,5
No,Sales,Female,33,5147,Sales Executive,11
No,Sales,Female,49,4507,Sales Executive,5
Yes,Sales,Female,33,8564,Sales Executive,0
No,Research & Development,Female,38,2468,Laboratory Technician,6
Yes,Sales,Male,31,8161,Sales Executive,1
No,Research & Development,Female,29,2109,Research Scientist,1
No,Research & Development,Male,30,5294,Healthcare Representative,7
No,Research & Development,Male,32,2718,Research Scientist,7
No,Research & Development,Male,38,5811,Healthcare Representative,1
Yes,Research & Development,Male,43,2437,Research Scientist,1
No,Research & Development,Male,42,2766,Laboratory Technician,5
No,Research & Development,Male,55,19038,Research Director,1
No,Research & Development,Male,33,3055,Research Scientist,9
No,Research & Development,Male,41,2289,Laboratory Technician,5
No,Sales,Male,34,4001,Sales Executive,15
No,Research & Development,Female,53,12965,Manufacturing Director,3
No,Human Resources,Male,43,3539,Human Resources,9
No,Sales,Female,34,6029,Sales Executive,2
Yes,Sales,Male,21,2679,Sales Representative,1
No,Research & Development,Female,38,3702,Laboratory Technician,5
Yes,Research & Development,Female,22,2398,Laboratory Technician,1
No,Sales,Female,31,5468,Sales Executive,12
No,Research & Development,Female,51,13116,Manager,2
No,Sales,Male,37,4189,Sales Executive,5
No,Research & Development,Male,46,19328,Research Director,2
No,Research & Development,Male,36,8321,Healthcare Representative,12
Yes,Research & Development,Male,44,2342,Research Scientist,5
No,Human Resources,Male,37,4071,Human Resources,10
Yes,Sales,Male,35,5813,Sales Executive,10
No,Research & Development,Male,33,3143,Research Scientist,10
No,Research & Development,Male,28,2044,Research Scientist,5
No,Research & Development,Male,39,13464,Research Director,4
No,Sales,Male,46,7991,Sales Executive,2
No,Research & Development,Female,40,3377,Laboratory Technician,4
No,Research & Development,Male,42,5538,Healthcare Representative,0
No,Research & Development,Male,35,5762,Manufacturing Director,7
No,Human Resources,Male,38,2592,Human Resources,11
Yes,Research & Development,Male,34,5346,Laboratory Technician,7
Yes,Research & Development,Male,37,4213,Manufacturing Director,10
No,Sales,Male,39,4127,Sales Executive,2
No,Research & Development,Male,43,2438,Research Scientist,3
No,Research & Development,Male,41,6870,Healthcare Representative,3
No,Sales,Female,41,10447,Sales Executive,22
No,Research & Development,Female,30,9667,Manufacturing Director,7
Yes,Human Resources,Female,26,2148,Human Resources,5
Yes,Research & Development,Female,46,8926,Healthcare Representative,9
No,Research & Development,Female,40,6513,Healthcare Representative,5
No,Sales,Male,34,6799,Sales Executive,10
No,Sales,Male,58,16291,Manager,16
No,Research & Development,Male,35,2705,Laboratory Technician,5
No,Research & Development,Female,47,10333,Manufacturing Director,22
No,Research & Development,Female,40,4448,Healthcare Representative,7
No,Research & Development,Female,54,6854,Research Scientist,7
No,Sales,Female,31,9637,Sales Executive,3
No,Research & Development,Female,28,3591,Research Scientist,3
No,Sales,Female,38,5405,Sales Representative,4
No,Sales,Male,26,4684,Sales Executive,5
No,Research & Development,Male,58,15787,Research Director,2
No,Research & Development,Female,18,1514,Research Scientist,0
Yes,Human Resources,Male,31,2956,Human Resources,1
Yes,Human Resources,Male,29,2335,Human Resources,2
No,Sales,Female,45,5154,Sales Executive,8
No,Research & Development,Female,36,6962,Research Scientist,1
No,Sales,Male,43,5675,Sales Executive,7
No,Research & Development,Female,27,2379,Laboratory Technician,5
No,Research & Development,Male,29,3812,Laboratory Technician,11
No,Sales,Male,32,4648,Sales Executive,0
No,Research & Development,Male,42,2936,Research Scientist,6
No,Research & Development,Female,47,2105,Laboratory Technician,2
No,Research & Development,Male,46,8578,Manufacturing Director,9
No,Human Resources,Male,28,2706,Human Resources,3
No,Research & Development,Male,29,6384,Healthcare Representative,7
No,Research & Development,Male,42,3968,Laboratory Technician,0
Yes,Sales,Male,32,9907,Sales Executive,2
No,Sales,Female,46,13225,Sales Executive,19
No,Sales,Female,27,3540,Sales Representative,9
No,Human Resources,Male,29,2804,Human Resources,1
No,Research & Development,Female,43,19392,Manager,16
No,Research & Development,Male,48,19665,Research Director,22
Yes,Research & Development,Male,29,2439,Research Scientist,1
Yes,Sales,Female,46,7314,Sales Executive,8
No,Research & Development,Female,27,4774,Research Scientist,7
No,Research & Development,Male,39,3902,Research Scientist,2
No,Research & Development,Male,55,2662,Research Scientist,5
No,Sales,Female,28,2856,Sales Representative,1
Yes,Sales,Male,30,1081,Sales Representative,1
Yes,Research & Development,Male,22,2472,Research Scientist,1
No,Sales,Female,36,5673,Sales Executive,10
No,Research & Development,Male,31,4197,Laboratory Technician,10
No,Sales,Male,34,9713,Sales Executive,5
No,Research & Development,Male,29,2062,Laboratory Technician,3
No,Research & Development,Male,37,4284,Research Scientist,5
No,Research & Development,Female,35,4788,Manufacturing Director,3
No,Research & Development,Female,45,5906,Manufacturing Director,9
No,Human Resources,Male,36,3886,Human Resources,10
No,Research & Development,Male,40,16823,Manager,19
No,Research & Development,Female,26,2933,Research Scientist,1
No,Sales,Female,27,6500,Sales Executive,8
No,Research & Development,Female,48,17174,Manager,22
No,Research & Development,Male,44,5033,Healthcare Representative,2
Yes,Research & Development,Male,34,2307,Research Scientist,5
Yes,Research & Development,Male,56,2587,Laboratory Technician,4
No,Sales,Male,36,5507,Sales Executive,4
No,Sales,Female,41,4393,Sales Executive,5
No,Research & Development,Male,42,13348,Research Director,13
No,Sales,Female,31,6583,Sales Executive,5
No,Sales,Female,34,8103,Sales Executive,4
No,Research & Development,Female,31,3978,Laboratory Technician,2
No,Research & Development,Male,26,2544,Laboratory Technician,7
No,Research & Development,Male,45,5399,Healthcare Representative,4
No,Sales,Male,33,5487,Sales Executive,10
No,Sales,Male,28,6834,Sales Executive,7
Yes,Sales,Male,29,1091,Sales Representative,1
No,Sales,Female,39,5736,Sales Executive,3
No,Research & Development,Male,27,2226,Research Scientist,5
No,Research & Development,Male,34,5747,Research Scientist,15
Yes,Sales,Female,28,9854,Sales Executive,2
No,Research & Development,Male,47,5467,Research Scientist,8
No,Sales,Female,56,5380,Sales Executive,0
No,Research & Development,Male,39,5151,Manufacturing Director,10
No,Research & Development,Female,38,2133,Research Scientist,20
No,Sales,Female,58,17875,Manager,1
Yes,Research & Development,Female,32,2432,Research Scientist,4
No,Research & Development,Male,38,4771,Research Scientist,5
No,Research & Development,Male,49,19161,Research Director,5
No,Sales,Male,42,5087,Sales Executive,0
Yes,Human Resources,Female,27,2863,Human Resources,1
No,Sales,Male,35,5561,Sales Executive,5
No,Research & Development,Male,28,2144,Research Scientist,5
No,Research & Development,Male,31,3065,Research Scientist,4
No,Research & Development,Male,36,2810,Laboratory Technician,5
No,Sales,Male,34,9888,Sales Executive,14
No,Sales,Male,34,8628,Sales Executive,8
No,Research & Development,Male,26,2867,Laboratory Technician,7
No,Research & Development,Male,29,5373,Healthcare Representative,5
No,Research & Development,Female,32,6667,Healthcare Representative,5
No,Research & Development,Male,31,5003,Research Scientist,10
Yes,Research & Development,Male,28,2367,Laboratory Technician,4
No,Sales,Male,38,2858,Sales Representative,1
No,Sales,Female,35,5204,Sales Executive,10
No,Sales,Male,27,4105,Sales Executive,7
No,Research & Development,Male,32,9679,Manufacturing Director,1
Yes,Sales,Male,31,5617,Sales Executive,10
Yes,Sales,Male,53,10448,Sales Executive,2
No,Research & Development,Female,54,2897,Research Scientist,4
No,Research & Development,Male,33,5968,Healthcare Representative,9
No,Research & Development,Male,43,7510,Healthcare Representative,10
No,Human Resources,Male,38,2991,Human Resources,6
No,Human Resources,Male,55,19636,Manager,10
No,Research & Development,Female,31,1129,Laboratory Technician,1
No,Sales,Male,39,13341,Sales Executive,20
No,Research & Development,Male,42,4332,Research Scientist,20
No,Research & Development,Female,31,11031,Research Director,11
No,Research & Development,Female,54,4440,Manufacturing Director,5
No,Research & Development,Male,24,4617,Healthcare Representative,4
No,Research & Development,Male,23,2647,Laboratory Technician,5
No,Research & Development,Female,40,6323,Laboratory Technician,10
No,Sales,Female,40,5677,Sales Executive,11
No,Human Resources,Female,25,2187,Human Resources,2
No,Research & Development,Male,30,3748,Laboratory Technician,12
No,Research & Development,Male,25,3977,Laboratory Technician,2
No,Research & Development,Male,47,8633,Healthcare Representative,17
No,Research & Development,Male,33,2008,Laboratory Technician,1
No,Sales,Male,38,4440,Sales Executive,15
No,Sales,Male,31,3067,Sales Representative,2
No,Research & Development,Male,38,5321,Manufacturing Director,8
No,Research & Development,Male,42,5410,Research Scientist,4
No,Research & Development,Male,41,2782,Research Scientist,5
No,Research & Development,Female,47,11957,Research Director,13
No,Research & Development,Male,35,2660,Laboratory Technician,2
No,Research & Development,Male,22,3375,Research Scientist,3
No,Research & Development,Male,35,5098,Research Scientist,10
No,Research & Development,Female,33,4878,Healthcare Representative,9
No,Research & Development,Female,32,2837,Laboratory Technician,6
No,Research & Development,Male,40,2406,Laboratory Technician,1
No,Sales,Male,32,2269,Sales Representative,2
No,Research & Development,Male,39,4108,Research Scientist,7
No,Research & Development,Female,38,13206,Research Director,18
No,Sales,Female,32,10422,Sales Executive,14
No,Research & Development,Female,37,13744,Research Director,16
No,Sales,Female,25,4907,Sales Executive,5
No,Sales,Male,52,3482,Sales Representative,9
No,Research & Development,Male,44,2436,Research Scientist,4
No,Sales,Male,21,2380,Sales Representative,2
No,Research & Development,Male,39,19431,Manager,6
Yes,Sales,Male,23,1790,Sales Representative,1
No,Sales,Female,36,7644,Sales Executive,9
No,Research & Development,Female,36,5131,Manufacturing Director,4
No,Research & Development,Male,56,6306,Healthcare Representative,13
Yes,Research & Development,Male,29,4787,Research Scientist,2
No,Research & Development,Male,42,18880,Manager,22
Yes,Research & Development,Male,56,2339,Laboratory Technician,10
No,Research & Development,Female,41,13570,Manufacturing Director,20
No,Sales,Female,34,6712,Sales Executive,8
No,Sales,Male,36,5406,Sales Executive,15
No,Sales,Male,41,8938,Sales Executive,5
No,Research & Development,Male,32,2439,Research Scientist,4
No,Human Resources,Female,35,8837,Human Resources,9
No,Sales,Female,38,5343,Sales Executive,10
Yes,Sales,Male,50,6728,Sales Executive,6
No,Sales,Female,36,6652,Sales Executive,6
No,Sales,Female,45,4850,Sales Executive,5
No,Research & Development,Male,40,2809,Research Scientist,2
No,Research & Development,Male,35,5689,Healthcare Representative,10
No,Research & Development,Female,40,2001,Research Scientist,5
No,Research & Development,Female,35,2977,Research Scientist,4
No,Research & Development,Male,29,4025,Laboratory Technician,4
No,Research & Development,Female,29,3785,Research Scientist,5
Yes,Sales,Male,50,10854,Sales Executive,3
No,Sales,Female,39,12031,Sales Executive,20
No,Research & Development,Male,31,9936,Manufacturing Director,9
No,Sales,Female,26,2966,Sales Representative,4
No,Research & Development,Male,36,2571,Laboratory Technician,5
No,Research & Development,Male,39,9991,Healthcare Representative,7
No,Research & Development,Male,27,6142,Manufacturing Director,6
No,Sales,Male,49,5390,Sales Executive,9
No,Research & Development,Male,34,4404,Laboratory Technician,4
